{
    "object_min_area":600,
    "lost_attempts": 15,
    "max_tracked_objects": 50,
    "overlap_margin": 10,
    "window_max_width": 60,
    "dt_prediction": 0.05,
    "mask_path":"/images/mask.png",
    "erosion_kernel": 4,
    "dilation_kernel": 11,
    "threshold": 10,
    "gsd": 0.123,
    "origin_coordinate": [586380.3, 6138228.2],
    "img_coords": [[231, 553], [697, 310], [910, 302], [1225, 369]],
    "utm_coords": [[586417.3794014237, 6138234.964123087], [586539.4879360864, 6138145.410182816], [586535.4632636021, 6138085.66494489], [586491.0179540929, 6138018.670434019]],
    "coord_scale_offset": [586380, 8, 6137980, 8]
}
